"","designName","perGroupN","sigmaYGscale","sigmaGscale","betaScale","power.covarAdj.mAdjDF","power.covarAdj.mAdjExpProj","power.shieh","power.fixedOnly","power.topCovar"
"1","Two fixed predictors, 1 covariate, univariate",10,0.5,1,4.07167755785446,0.899999759844675,0.90165418591813,0.915460455412756,0.913780088873755,0.898697748580349
"2","Two fixed predictors, 1 covariate, univariate",100,0.5,1,1.18741365388232,0.900014383497914,0.900028819579339,0.901448676943522,0.89760697291098,0.900003550493859
"3","Two fixed predictors, 1 covariate, univariate",10,1,1,3.98765363965582,0.899999957925374,0.901654382167419,0.915460635363447,0.902517995919072,0.89869794555363
"4","Two fixed predictors, 1 covariate, univariate",100,1,1,1.16288143027763,0.900000627611034,0.900015064793714,0.901435031109303,0.88519098609214,0.899989794907562
"5","Two fixed predictors, 1 covariate, univariate",10,2,1,3.63215396512584,0.899998101318229,0.901652542725928,0.915458948687508,0.842944795909702,0.898696099246108
"6","Two fixed predictors, 1 covariate, univariate",100,2,1,1.0592122934461,0.899999755317909,0.900014192570418,0.901434165794462,0.821089326491325,0.899988922633942
"7","Two fixed predictors, 1 covariate, univariate",10,0.5,2,4.08551339104234,0.899999707494459,0.901654134051931,0.915460407854067,0.915537191185991,0.898697696520282
"8","Two fixed predictors, 1 covariate, univariate",100,0.5,2,1.19141853239367,0.899999992078902,0.900014429312457,0.901434400661388,0.899537463480523,0.899989159389524
"9","Two fixed predictors, 1 covariate, univariate",10,1,2,4.0438643153438,0.899999927925771,0.901654352445186,0.915460608109662,0.910165292985223,0.89869791572037
"10","Two fixed predictors, 1 covariate, univariate",100,1,2,1.17927289386345,0.900000250135558,0.900014687348456,0.901434656653611,0.893599985271519,0.899989417438499
"11","Two fixed predictors, 1 covariate, univariate",10,2,2,3.87277586912415,0.899998615409257,0.901653052063844,0.915459415725143,0.885421578351971,0.898696610487938
"12","Two fixed predictors, 1 covariate, univariate",100,2,2,1.129355184239,0.899986416844007,0.900000855164228,0.901420934021261,0.866544392989556,0.899975584451089
"13","Two fixed predictors, 3 covariates, univariate",10,0.5,1,4.34835903022322,0.899999940800336,0.905518043468811,0.944006133698995,0.944025542600325,0.931871323055904
"14","Two fixed predictors, 3 covariates, univariate",100,0.5,1,1.18718547742431,0.900013475423791,0.900057222240292,0.904303234259665,0.897496177259729,0.89989420356385
"15","Two fixed predictors, 3 covariates, univariate",10,1,1,4.18546699243183,0.899999681672305,0.905517792462444,0.944005951371858,0.927440284878517,0.923890222403787
"16","Two fixed predictors, 3 covariates, univariate",100,1,1,1.14269977952854,0.900006721336491,0.900050469791777,0.904296643697411,0.874201793706974,0.889758443129004
"17","Two fixed predictors, 3 covariates, univariate",10,2,1,3.4580001072148,0.899998043647219,0.905516205776412,0.944004798825134,0.806426978990669,0.868940622854581
"18","Two fixed predictors, 3 covariates, univariate",100,2,1,0.944082947334748,0.900001052430629,0.900044802261327,0.904291112036148,0.727927725496556,0.823607090514999
"19","Two fixed predictors, 3 covariates, univariate",10,0.5,2,4.37491794062583,0.899999960800843,0.905518062842455,0.944006147771705,0.946420504852387,0.933064020668259
"20","Two fixed predictors, 3 covariates, univariate",100,0.5,2,1.19440819016467,0.89999997977269,0.900043729863633,0.904290065346631,0.900961174072388,0.901408621102318
"21","Two fixed predictors, 3 covariates, univariate",10,1,2,4.29474836796016,0.899999880128327,0.905517984698402,0.94400609100909,0.938934193607884,0.929374448289439
"22","Two fixed predictors, 3 covariates, univariate",100,1,2,1.17254574578148,0.900011963068918,0.900055710252379,0.904301758521595,0.890204318978193,0.896705852583746
"23","Two fixed predictors, 3 covariates, univariate",10,2,2,3.95786833105959,0.900000063306153,0.905518162135011,0.944006219896245,0.898276573952088,0.910528057829516
"24","Two fixed predictors, 3 covariates, univariate",100,2,2,1.0805480066495,0.899999903441356,0.900043653550818,0.904289990863225,0.835845143444749,0.873136868091316
"25","Two fixed predictors, 6 covariates, univariate",10,0.5,1,4.89716048454993,0.89999848852454,0.913239103668635,0.977431509753511,0.97910755496978,0.972212603207224
"26","Two fixed predictors, 6 covariates, univariate",100,0.5,1,1.18316115265932,0.900002251752219,0.900091099764897,0.908540676142049,0.895527741884778,0.897951294459766
"27","Two fixed predictors, 6 covariates, univariate",10,1,1,4.53305761553662,0.899999999106454,0.913240496831316,0.977432073227325,0.959043807318684,0.956111043040268
"28","Two fixed predictors, 6 covariates, univariate",100,1,1,1.09518602247686,0.899999959549997,0.900088808692292,0.908538496354403,0.845498617025804,0.862762838470477
"29","Two fixed predictors, 6 covariates, univariate",10,2,1,2.61033113299292,0.900000349589837,0.913240820071039,0.977432203963028,0.569033806869699,0.645337348240184
"30","Two fixed predictors, 6 covariates, univariate",100,2,1,0.630642271548979,0.899988289555291,0.900077144448326,0.908527398650278,0.403139596531669,0.488095180203392
"31","Two fixed predictors, 6 covariates, univariate",10,0.5,2,4.95528470882424,0.900002924263738,0.913243194608992,0.977433164346747,0.981369246102522,0.974179586791391
"32","Two fixed predictors, 6 covariates, univariate",100,0.5,2,1.19718981974646,0.89999995917428,0.90008880831676,0.908538495997111,0.902272514132893,0.902716493882214
"33","Two fixed predictors, 6 covariates, univariate",10,1,2,4.77888493146422,0.899999974122558,0.913240473789458,0.977432063907935,0.973781808475213,0.967744956339531
"34","Two fixed predictors, 6 covariates, univariate",100,1,2,1.15458220934256,0.900002075232069,0.900090923331739,0.908540508278903,0.880757563362328,0.887555785794084
"35","Two fixed predictors, 6 covariates, univariate",10,2,2,3.99629140809127,0.899999953144655,0.9132404544422,0.977432056082843,0.903723365775869,0.915515418662852
"36","Two fixed predictors, 6 covariates, univariate",100,2,2,0.965514565532858,0.900006497966926,0.900095343886979,0.908544714107832,0.746915648509625,0.791379452962345
"37","Four fixed predictors, 1 covariate, univariate",10,0.5,1,3.79217769140711,0.899995507217608,0.900891148865651,0.908639103300335,0.905513604320533,0.900088947126566
"38","Four fixed predictors, 1 covariate, univariate",100,0.5,1,1.12454497367719,0.899999889453443,0.900007877693841,0.900795944143912,0.896504775566729,0.900000482826628
"39","Four fixed predictors, 1 covariate, univariate",10,1,1,3.71395029611207,0.900000592875116,0.900896208842294,0.908643933207538,0.892322552552208,0.899844369160983
"40","Four fixed predictors, 1 covariate, univariate",100,1,1,1.10133731393984,0.899999345481113,0.900007333745906,0.900795402610304,0.882614484797077,0.899999938871355
"41","Four fixed predictors, 1 covariate, univariate",10,2,1,3.3828356090506,0.899995611757721,0.900891252877882,0.908639202583378,0.822294692673334,0.900089051261623
"42","Four fixed predictors, 1 covariate, univariate",100,2,1,1.00315722515488,0.899999939402897,0.900007927641054,0.900795993869433,0.809888564888993,0.900000532772787
"43","Four fixed predictors, 1 covariate, univariate",10,0.5,2,3.8050760856298,0.899997487089407,0.900893118739886,0.908640983608453,0.907570432636416,0.899841271663053
"44","Four fixed predictors, 1 covariate, univariate",100,0.5,2,1.12836641638228,0.899999922623423,0.900007910862333,0.900795977165185,0.89867438228694,0.900000515993301
"45","Four fixed predictors, 1 covariate, univariate",10,1,2,3.76631703536164,0.900002938394385,0.900898542517127,0.908646160770698,0.901289781860558,0.899846708418606
"46","Four fixed predictors, 1 covariate, univariate",100,1,2,1.11686280097883,0.899999786825631,0.900007775070631,0.900795841976199,0.892043179246083,0.900000380202504
"47","Four fixed predictors, 1 covariate, univariate",10,2,2,3.60695415225361,0.899998522917698,0.900894149337593,0.908641967346467,0.87223763197757,0.900091951123288
"48","Four fixed predictors, 1 covariate, univariate",100,2,2,1.06962122253832,0.900004714177093,0.900012702201118,0.900800747237027,0.861607654684159,0.900003287639576
"49","Four fixed predictors, 3 covariates, univariate",10,0.5,1,3.89806711402622,0.900000144340817,0.9028244444707,0.925232819119638,0.921438732156364,0.916505632761848
"50","Four fixed predictors, 3 covariates, univariate",100,0.5,1,1.12142315107698,0.899999854304611,0.900023939280296,0.902383266523244,0.89470787597973,0.898235468608997
"51","Four fixed predictors, 3 covariates, univariate",10,1,1,3.75205589779504,0.90000197380057,0.902826244567868,0.925234360551821,0.898902971478714,0.906136182953387
"52","Four fixed predictors, 3 covariates, univariate",100,1,1,1.07942061029117,0.900003434352032,0.900027518843613,0.90238679820766,0.868350452975033,0.886868174602855
"53","Four fixed predictors, 3 covariates, univariate",10,2,1,3.09991990561488,0.900000286618248,0.902824584464613,0.925232938997242,0.744368004729953,0.837373705714929
"54","Four fixed predictors, 3 covariates, univariate",100,2,1,0.891806422756422,0.89999987718817,0.900023962160761,0.902383289097672,0.701263570622879,0.811651534339516
"55","Four fixed predictors, 3 covariates, univariate",10,0.5,2,3.92187629656953,0.900000257283712,0.902824555600889,0.925232914281068,0.924724887702193,0.917794941341884
"56","Four fixed predictors, 3 covariates, univariate",100,0.5,2,1.12827266123444,0.899999921923243,0.900024006889784,0.902383333228425,0.898621547048422,0.899948070554594
"57","Four fixed predictors, 3 covariates, univariate",10,1,2,3.85000783389613,0.900000037628728,0.902824339471313,0.925232729208036,0.914479786306369,0.913334739282386
"58","Four fixed predictors, 3 covariates, univariate",100,1,2,1.10759681269942,0.899999571052376,0.900023656066362,0.902382987097415,0.886482402795499,0.894665613416866
"59","Four fixed predictors, 3 covariates, univariate",10,2,2,3.54801176995622,0.899999980169974,0.902824282934757,0.925232680795442,0.86014143632822,0.889463224351294
"60","Four fixed predictors, 3 covariates, univariate",100,2,2,1.02071678618897,0.899999689302233,0.90002377430023,0.902383103749856,0.824561859195626,0.868092027076648
"61","Four fixed predictors, 6 covariates, univariate",10,0.5,1,4.067333899568,0.899999768822623,0.906116500200139,0.947856008029284,0.942590261763826,0.938250924793583
"62","Four fixed predictors, 6 covariates, univariate",100,0.5,1,1.11322634239064,0.899999716353519,0.900048251650944,0.90475192808405,0.889884319724929,0.893502699898247
"63","Four fixed predictors, 6 covariates, univariate",10,1,1,3.76493655993214,0.900002803161136,0.906119427630889,0.947858037728369,0.901060534334638,0.908435295522294
"64","Four fixed predictors, 6 covariates, univariate",100,1,1,1.03045493058019,0.899999406133618,0.900047941515584,0.904751626300345,0.832388992495705,0.853283958429123
"65","Four fixed predictors, 6 covariates, univariate",10,2,1,2.16801142097226,0.900002525924671,0.906119160162302,0.947857852282894,0.418327817310414,0.505951929378697
"66","Four fixed predictors, 6 covariates, univariate",100,2,1,0.59339946306553,0.900019825827129,0.900068355643898,0.904771490651948,0.350433819627124,0.437214279744928
"67","Four fixed predictors, 6 covariates, univariate",10,0.5,2,4.11557459121993,0.899999460816529,0.906116203045773,0.947855801999959,0.947721491475972,0.942102184519874
"68","Four fixed predictors, 6 covariates, univariate",100,0.5,2,1.12643067686672,0.899999907049047,0.900048442294504,0.904752113593747,0.897579491613958,0.898911637910437
"69","Four fixed predictors, 6 covariates, univariate",10,1,2,3.96909118216024,0.899999993911338,0.90611671735847,0.947856158593968,0.930933264382169,0.929866497890143
"70","Four fixed predictors, 6 covariates, univariate",100,1,2,1.08634164897603,0.900002421194157,0.900050955754454,0.90475455936772,0.872976384566559,0.881668242443294
"71","Four fixed predictors, 6 covariates, univariate",10,2,2,3.31911940423445,0.900001743320669,0.906118405131689,0.947857328792614,0.806150875977608,0.840404083865304
"72","Four fixed predictors, 6 covariates, univariate",100,2,2,0.908430974230756,0.899995026896993,0.900043563472361,0.904747366151566,0.719037019297364,0.771170432752095
"73","Two fixed predictors, 1 covariate, multivariate CS",10,0.5,1,6.0683945342535,0.900000398421488,0.901852832606511,0.917206502872452,0.923558048669601,0.898347466509933
"74","Two fixed predictors, 1 covariate, multivariate CS",100,0.5,1,1.59729157068866,0.900000189556524,0.900016637987134,0.90163340577589,0.901673917418224,0.899985384532117
"75","Two fixed predictors, 1 covariate, multivariate CS",10,1,1,6.0683945342535,0.900000398421488,0.901852832606511,0.917206502872452,0.923558048669601,0.898347466509933
"76","Two fixed predictors, 1 covariate, multivariate CS",100,1,1,1.59729157068866,0.900000189556524,0.900016637987134,0.90163340577589,0.901673917418224,0.899985384532117
"77","Two fixed predictors, 1 covariate, multivariate CS",10,2,1,6.0683945342535,0.900000398421488,0.901852832606511,0.917206502872452,0.923558048669601,0.898347466509933
"78","Two fixed predictors, 1 covariate, multivariate CS",100,2,1,1.59729157068866,0.900000189556524,0.900016637987134,0.90163340577589,0.901673917418224,0.899985384532117
"79","Two fixed predictors, 1 covariate, multivariate CS",10,0.5,2,6.0683945342535,0.900000398421488,0.901852832606511,0.917206502872452,0.923558048669601,0.898347466509933
"80","Two fixed predictors, 1 covariate, multivariate CS",100,0.5,2,1.59729157068866,0.900000189556524,0.900016637987134,0.90163340577589,0.901673917418224,0.899985384532117
"81","Two fixed predictors, 1 covariate, multivariate CS",10,1,2,6.0683945342535,0.900000398421488,0.901852832606511,0.917206502872452,0.923558048669601,0.898347466509933
"82","Two fixed predictors, 1 covariate, multivariate CS",100,1,2,1.59729157068866,0.900000189556524,0.900016637987134,0.90163340577589,0.901673917418224,0.899985384532117
"83","Two fixed predictors, 1 covariate, multivariate CS",10,2,2,6.0683945342535,0.900000398421488,0.901852832606511,0.917206502872452,0.923558048669601,0.898347466509933
"84","Two fixed predictors, 1 covariate, multivariate CS",100,2,2,1.59729157068866,0.900000189556524,0.900016637987134,0.90163340577589,0.901673917418224,0.899985384532117
"85","Two fixed predictors, 3 covariates, multivariate CS",10,0.5,1,6.64620773877215,0.900001561877826,0.906136595385458,0.947928819490324,0.963289769275281,0.946263448550458
"86","Two fixed predictors, 3 covariates, multivariate CS",100,0.5,1,1.60566906444677,0.900001262654202,0.900051106368148,0.904879632446201,0.904999615691132,0.903343214062059
"87","Two fixed predictors, 3 covariates, multivariate CS",10,1,1,6.64620773877215,0.900001561877826,0.906136595385458,0.947928819490324,0.963289769275281,0.946263448550458
"88","Two fixed predictors, 3 covariates, multivariate CS",100,1,1,1.60566906444677,0.900001262654202,0.900051106368148,0.904879632446201,0.904999615691132,0.903343214062059
"89","Two fixed predictors, 3 covariates, multivariate CS",10,2,1,6.64620773877215,0.900001561877826,0.906136595385458,0.947928819490324,0.963289769275281,0.946263448550458
"90","Two fixed predictors, 3 covariates, multivariate CS",100,2,1,1.60566906444677,0.900001262654202,0.900051106368148,0.904879632446201,0.904999615691132,0.903343214062059
"91","Two fixed predictors, 3 covariates, multivariate CS",10,0.5,2,6.64620773877215,0.900001561877826,0.906136595385458,0.947928819490324,0.963289769275281,0.946263448550458
"92","Two fixed predictors, 3 covariates, multivariate CS",100,0.5,2,1.60566906444677,0.900001262654202,0.900051106368148,0.904879632446201,0.904999615691132,0.903343214062059
"93","Two fixed predictors, 3 covariates, multivariate CS",10,1,2,6.64620773877215,0.900001561877826,0.906136595385458,0.947928819490324,0.963289769275281,0.946263448550458
"94","Two fixed predictors, 3 covariates, multivariate CS",100,1,2,1.60566906444677,0.900001262654202,0.900051106368148,0.904879632446201,0.904999615691132,0.903343214062059
"95","Two fixed predictors, 3 covariates, multivariate CS",10,2,2,6.64620773877215,0.900001561877826,0.906136595385458,0.947928819490324,0.963289769275281,0.946263448550458
"96","Two fixed predictors, 3 covariates, multivariate CS",100,2,2,1.60566906444677,0.900001262654202,0.900051106368148,0.904879632446201,0.904999615691132,0.903343214062059
"97","Two fixed predictors, 6 covariates, multivariate CS",10,0.5,1,7.94036827583667,0.89999999143834,0.914459829184765,0.98097847507026,0.995358843088052,0.990738484478191
"98","Two fixed predictors, 6 covariates, multivariate CS",100,0.5,1,1.61849061115067,0.900004675631089,0.900105895650414,0.909694356672088,0.90993063964923,0.908323536355041
"99","Two fixed predictors, 6 covariates, multivariate CS",10,1,1,7.94036827583667,0.89999999143834,0.914459829184765,0.98097847507026,0.995358843088052,0.990738484478191
"100","Two fixed predictors, 6 covariates, multivariate CS",100,1,1,1.61849061115067,0.900004675631089,0.900105895650414,0.909694356672088,0.90993063964923,0.908323536355041
"101","Two fixed predictors, 6 covariates, multivariate CS",10,2,1,7.94036827583667,0.89999999143834,0.914459829184765,0.98097847507026,0.995358843088052,0.990738484478191
"102","Two fixed predictors, 6 covariates, multivariate CS",100,2,1,1.61849061115067,0.900004675631089,0.900105895650414,0.909694356672088,0.90993063964923,0.908323536355041
"103","Two fixed predictors, 6 covariates, multivariate CS",10,0.5,2,7.94036827583667,0.89999999143834,0.914459829184765,0.98097847507026,0.995358843088052,0.990738484478191
"104","Two fixed predictors, 6 covariates, multivariate CS",100,0.5,2,1.61849061115067,0.900004675631089,0.900105895650414,0.909694356672088,0.90993063964923,0.908323536355041
"105","Two fixed predictors, 6 covariates, multivariate CS",10,1,2,7.94036827583667,0.89999999143834,0.914459829184765,0.98097847507026,0.995358843088052,0.990738484478191
"106","Two fixed predictors, 6 covariates, multivariate CS",100,1,2,1.61849061115067,0.900004675631089,0.900105895650414,0.909694356672088,0.90993063964923,0.908323536355041
"107","Two fixed predictors, 6 covariates, multivariate CS",10,2,2,7.94036827583667,0.89999999143834,0.914459829184765,0.98097847507026,0.995358843088052,0.990738484478191
"108","Two fixed predictors, 6 covariates, multivariate CS",100,2,2,1.61849061115067,0.900004675631089,0.900105895650414,0.909694356672088,0.90993063964923,0.908323536355041
"109","Four fixed predictors, 1 covariate, multivariate CS",10,0.5,1,5.39918608375293,0.899997387508644,0.901011120981508,0.909748646772585,0.911726588241371,0.900045108301275
"110","Four fixed predictors, 1 covariate, multivariate CS",100,0.5,1,1.54358859694119,0.900000715182127,0.900009786114527,0.900904376054917,0.900918723901764,0.900001109187533
"111","Four fixed predictors, 1 covariate, multivariate CS",10,1,1,5.39918608375293,0.899997387508644,0.901011120981508,0.909748646772585,0.911726588241371,0.900045108301275
"112","Four fixed predictors, 1 covariate, multivariate CS",100,1,1,1.54358859694119,0.900000715182127,0.900009786114527,0.900904376054917,0.900918723901764,0.899998812746425
"113","Four fixed predictors, 1 covariate, multivariate CS",10,2,1,5.39918608375293,0.899997387508644,0.901011120981508,0.909748646772585,0.911726588241371,0.899759589847525
"114","Four fixed predictors, 1 covariate, multivariate CS",100,2,1,1.54358859694119,0.900000715182127,0.900009786114527,0.900904376054917,0.900918723901764,0.900001109187534
"115","Four fixed predictors, 1 covariate, multivariate CS",10,0.5,2,5.39918608375293,0.899997387508644,0.901011120981508,0.909748646772585,0.911726588241371,0.899759589847525
"116","Four fixed predictors, 1 covariate, multivariate CS",100,0.5,2,1.54358859694119,0.900000715182127,0.900009786114527,0.900904376054917,0.900918723901764,0.900001109187533
"117","Four fixed predictors, 1 covariate, multivariate CS",10,1,2,5.39918608375293,0.899997387508644,0.901011120981508,0.909748646772585,0.911726588241371,0.900045108301275
"118","Four fixed predictors, 1 covariate, multivariate CS",100,1,2,1.54358859694119,0.900000715182127,0.900009786114527,0.900904376054917,0.900918723901764,0.900001109187533
"119","Four fixed predictors, 1 covariate, multivariate CS",10,2,2,5.39918608375293,0.899997387508644,0.901011120981508,0.909748646772585,0.911726588241371,0.899759589847525
"120","Four fixed predictors, 1 covariate, multivariate CS",100,2,2,1.54358859694119,0.900000715182127,0.900009786114527,0.900904376054917,0.900918723901764,0.900001109187533
"121","Four fixed predictors, 3 covariates, multivariate CS",10,0.5,1,5.59678240440077,0.89999999748775,0.903192864979993,0.928217146156452,0.933654927413098,0.923418845831754
"122","Four fixed predictors, 3 covariates, multivariate CS",100,0.5,1,1.54757225508725,0.900000688151332,0.900028037319074,0.90270451204245,0.902746540399091,0.901838490951567
"123","Four fixed predictors, 3 covariates, multivariate CS",10,1,1,5.59678240440077,0.89999999748775,0.903192864979993,0.928217146156452,0.933654927413098,0.923667938472133
"124","Four fixed predictors, 3 covariates, multivariate CS",100,1,1,1.54757225508725,0.900000688151332,0.900028037319074,0.90270451204245,0.902746540399091,0.901838490951567
"125","Four fixed predictors, 3 covariates, multivariate CS",10,2,1,5.59678240440077,0.89999999748775,0.903192864979993,0.928217146156452,0.933654927413098,0.923418845831754
"126","Four fixed predictors, 3 covariates, multivariate CS",100,2,1,1.54757225508725,0.900000688151332,0.900028037319074,0.90270451204245,0.902746540399091,0.901838490951567
"127","Four fixed predictors, 3 covariates, multivariate CS",10,0.5,2,5.59678240440077,0.89999999748775,0.903192864979993,0.928217146156452,0.933654927413098,0.923418845831754
"128","Four fixed predictors, 3 covariates, multivariate CS",100,0.5,2,1.54757225508725,0.900000688151332,0.900028037319074,0.90270451204245,0.902746540399091,0.901838490951567
"129","Four fixed predictors, 3 covariates, multivariate CS",10,1,2,5.59678240440077,0.89999999748775,0.903192864979993,0.928217146156452,0.933654927413098,0.923667938472133
"130","Four fixed predictors, 3 covariates, multivariate CS",100,1,2,1.54757225508725,0.900000688151332,0.900028037319074,0.90270451204245,0.902746540399091,0.901838490951567
"131","Four fixed predictors, 3 covariates, multivariate CS",10,2,2,5.59678240440077,0.899999997487749,0.903192864979993,0.928217146156452,0.933654927413098,0.923418845831754
"132","Four fixed predictors, 3 covariates, multivariate CS",100,2,2,1.54757225508725,0.900000688151332,0.900028037319074,0.90270451204245,0.902746540399091,0.901838490951567
"133","Four fixed predictors, 6 covariates, multivariate CS",10,0.5,1,5.93866824743525,0.900000921836891,0.906900560910587,0.952653188418286,0.961532293758905,0.954164592928413
"134","Four fixed predictors, 6 covariates, multivariate CS",100,0.5,1,1.55360599859663,0.900000646240129,0.900055758850856,0.905386316234234,0.905469284288788,0.904573512000829
"135","Four fixed predictors, 6 covariates, multivariate CS",10,1,1,5.93866824743525,0.900000921836891,0.906900560910587,0.952653188418286,0.961532293758905,0.954350897355964
"136","Four fixed predictors, 6 covariates, multivariate CS",100,1,1,1.55360599859663,0.900000646240129,0.900055758850856,0.905386316234234,0.905469284288788,0.904575748827386
"137","Four fixed predictors, 6 covariates, multivariate CS",10,2,1,5.93866824743525,0.900000921836891,0.906900560910587,0.952653188418286,0.961532293758905,0.954350897355964
"138","Four fixed predictors, 6 covariates, multivariate CS",100,2,1,1.55360599859663,0.900000646240129,0.900055758850856,0.905386316234234,0.905469284288788,0.904573512000829
"139","Four fixed predictors, 6 covariates, multivariate CS",10,0.5,2,5.93866824743525,0.900000921836891,0.906900560910587,0.952653188418286,0.961532293758905,0.954164592928413
"140","Four fixed predictors, 6 covariates, multivariate CS",100,0.5,2,1.55360599859663,0.900000646240129,0.900055758850856,0.905386316234234,0.905469284288788,0.904575748827386
"141","Four fixed predictors, 6 covariates, multivariate CS",10,1,2,5.93866824743525,0.900000921836891,0.906900560910587,0.952653188418286,0.961532293758905,0.954164592928413
"142","Four fixed predictors, 6 covariates, multivariate CS",100,1,2,1.55360599859663,0.900000646240129,0.900055758850856,0.905386316234234,0.905469284288788,0.904573512000829
"143","Four fixed predictors, 6 covariates, multivariate CS",10,2,2,5.93866824743525,0.900000921836891,0.906900560910587,0.952653188418286,0.961532293758905,0.954350897355964
"144","Four fixed predictors, 6 covariates, multivariate CS",100,2,2,1.55360599859663,0.900000646240129,0.900055758850856,0.905386316234234,0.905469284288788,0.904575748827386
"145","Two fixed predictors, 1 covariate, multivariate LEAR",10,0.5,1,5.3091875920245,0.900001465842262,0.901853888760152,0.917207458893832,0.923368522277335,0.898348526781686
"146","Two fixed predictors, 1 covariate, multivariate LEAR",100,0.5,1,1.39747006148833,0.900007323697743,0.900023771468032,0.901640473925775,0.901455953474728,0.899992518440478
"147","Two fixed predictors, 1 covariate, multivariate LEAR",10,1,1,5.30358691508152,0.900001416082836,0.901853839525963,0.917207414327476,0.922792993458627,0.89834847735675
"148","Two fixed predictors, 1 covariate, multivariate LEAR",100,1,1,1.39599616655007,0.900007412265731,0.900023860027822,0.901640561674479,0.90077634348415,0.899992607006229
"149","Two fixed predictors, 1 covariate, multivariate LEAR",10,2,1,5.28088579085425,0.900001221269015,0.901853646768501,0.917207239845096,0.920426830879034,0.898348283851397
"150","Two fixed predictors, 1 covariate, multivariate LEAR",100,2,1,1.39002199270517,0.900007752528242,0.900024200258839,0.901640898789441,0.897987207946096,0.899992947255384
"151","Two fixed predictors, 1 covariate, multivariate LEAR",10,0.5,2,5.31011817784264,0.900001474169872,0.90185389699986,0.917207466352343,0.923463835513079,0.898348535053466
"152","Two fixed predictors, 1 covariate, multivariate LEAR",100,0.5,2,1.39771495737379,0.900007308823772,0.900023756595437,0.901640459189392,0.901568549483125,0.899992503567152
"153","Two fixed predictors, 1 covariate, multivariate LEAR",10,1,2,5.3073239731357,0.900001449215767,0.901853872309159,0.917207444002537,0.923177376031021,0.898348510267085
"154","Two fixed predictors, 1 covariate, multivariate LEAR",100,1,2,1.39697962523921,0.900007353351629,0.900023801119173,0.901640503305352,0.901230186810583,0.899992548091501
"155","Two fixed predictors, 1 covariate, multivariate LEAR",10,2,2,5.29607326593779,0.900001350338622,0.901853774475713,0.917207355444558,0.922015779280156,0.898348412053897
"156","Two fixed predictors, 1 covariate, multivariate LEAR",100,2,2,1.39401883770351,0.900007528376321,0.900023976127664,0.901640676711005,0.899859324718688,0.899992723110331
"157","Two fixed predictors, 3 covariates, multivariate LEAR",10,0.5,1,5.81312188781514,0.900002984928553,0.906137967754256,0.947929767964516,0.963081592176317,0.946148469035357
"158","Two fixed predictors, 3 covariates, multivariate LEAR",100,0.5,1,1.404411401699,0.900006886792187,0.90005672892846,0.904885099143553,0.904611610697874,0.903174472365433
"159","Two fixed predictors, 3 covariates, multivariate LEAR",10,1,1,5.80216377780155,0.900003116139858,0.906138094292444,0.947929855417658,0.962445061094913,0.945795627019715
"160","Two fixed predictors, 3 covariates, multivariate LEAR",100,1,1,1.40176407171784,0.900007056811021,0.900056898899599,0.904885264402817,0.903416820673737,0.902644611916348
"161","Two fixed predictors, 3 covariates, multivariate LEAR",10,2,1,5.75721825378047,0.899996990670669,0.906132186978029,0.94792577271944,0.959740771362402,0.944298835668622
"162","Two fixed predictors, 3 covariates, multivariate LEAR",100,2,1,1.3909204262737,0.900007703292305,0.900057545199529,0.904885892786208,0.89841019549439,0.900411192486093
"163","Two fixed predictors, 3 covariates, multivariate LEAR",10,0.5,2,5.81493826902719,0.900002963439642,0.906137947030676,0.947929753642021,0.96318624817857,0.94620652700643
"164","Two fixed predictors, 3 covariates, multivariate LEAR",100,0.5,2,1.40485021325984,0.900006858255715,0.900056700399993,0.90488507140594,0.904808617356349,0.90326172298891
"165","Two fixed predictors, 3 covariates, multivariate LEAR",10,1,2,5.80948060711397,0.900003028232931,0.906138009516341,0.947929796827154,0.962871060032293,0.946031715014602
"166","Two fixed predictors, 3 covariates, multivariate LEAR",100,1,2,1.40353171952203,0.900006943706449,0.900056785826756,0.904885154464537,0.904215785207749,0.902999068196512
"167","Two fixed predictors, 3 covariates, multivariate LEAR",10,2,2,5.78739146892871,0.900003297065008,0.906138268773902,0.947929976005329,0.961572882916929,0.945312906550084
"168","Two fixed predictors, 3 covariates, multivariate LEAR",100,2,2,1.39819525956059,0.900007279372527,0.900057121398672,0.904885480733845,0.901789109765647,0.901920811460687
"169","Two fixed predictors, 6 covariates, multivariate LEAR",10,0.5,1,6.94110561302238,0.899999349894942,0.914459243524175,0.980978267847627,0.995277853527592,0.990643659114788
"170","Two fixed predictors, 6 covariates, multivariate LEAR",100,0.5,1,1.41481500082814,0.900006190057226,0.900107409213636,0.909695785222258,0.90920339174459,0.907805765508352
"171","Two fixed predictors, 6 covariates, multivariate LEAR",10,1,1,6.9160237346227,0.900002069255741,0.914461726008299,0.980979146212056,0.995024734688356,0.990349828986778
"172","Two fixed predictors, 6 covariates, multivariate LEAR",100,1,1,1.4096970956716,0.900006537232864,0.900107756191453,0.909696112711062,0.906965091766784,0.906208779988912
"173","Two fixed predictors, 6 covariates, multivariate LEAR",10,2,1,6.81086379535381,0.900001767722181,0.914461450740801,0.980979048816354,0.993827545420746,0.988999315932446
"174","Two fixed predictors, 6 covariates, multivariate LEAR",100,2,1,1.38826576313729,0.90000784565184,0.900109063864886,0.909697346934772,0.897156735909322,0.899171740712329
"175","Two fixed predictors, 6 covariates, multivariate LEAR",10,0.5,2,6.94524958827659,0.899999543395253,0.914459420169316,0.980978330349569,0.995318550528795,0.9906912562039
"176","Two fixed predictors, 6 covariates, multivariate LEAR",100,0.5,2,1.41565910453644,0.900006132233509,0.900107351422867,0.909695730677469,0.90956875160511,0.908066127906491
"177","Two fixed predictors, 6 covariates, multivariate LEAR",10,1,2,6.93277854350556,0.899998782623967,0.914458725666155,0.980978084614667,0.995195121109617,0.990547168678502
"178","Two fixed predictors, 6 covariates, multivariate LEAR",100,1,2,1.4131192290513,0.900006305811017,0.900107524901471,0.909695894412156,0.908466145366092,0.907280120227467
"179","Two fixed predictors, 6 covariates, multivariate LEAR",10,2,2,6.88180499019791,0.900000088904547,0.914459918160978,0.980978506552386,0.994659960696598,0.989931714785845
"180","Two fixed predictors, 6 covariates, multivariate LEAR",100,2,2,1.40272774369858,0.900006995137699,0.900108213835373,0.909696544650009,0.903852987895502,0.90398285068951
"181","Four fixed predictors, 1 covariate, multivariate LEAR",10,0.5,1,4.72371207904947,0.899999997576549,0.901013716015735,0.909751107051792,0.911496471721918,0.900047706366354
"182","Four fixed predictors, 1 covariate, multivariate LEAR",100,0.5,1,1.35047987424125,0.900005702695886,0.900014773372615,0.900909338007276,0.900673770925161,0.900006096568292
"183","Four fixed predictors, 1 covariate, multivariate LEAR",10,1,1,4.71872938633879,0.899999996778033,0.901013715221818,0.909751106299102,0.910793710654929,0.90004770557189
"184","Four fixed predictors, 1 covariate, multivariate LEAR",100,1,1,1.3490550821276,0.900005557785524,0.900014628469681,0.900909193839604,0.899918563919542,0.900003655281941
"185","Four fixed predictors, 1 covariate, multivariate LEAR",10,2,1,4.69850728843252,0.899996083295775,0.901009824280632,0.909747417405837,0.907900248688887,0.89975828984128
"186","Four fixed predictors, 1 covariate, multivariate LEAR",100,2,1,1.34327998785108,0.900004971052532,0.900014041766766,0.900908610113714,0.896816093033746,0.900005364944582
"187","Four fixed predictors, 1 covariate, multivariate LEAR",10,0.5,2,4.72453998246998,0.899999997691302,0.901013716129827,0.90975110715996,0.911612850905002,0.899762191597835
"188","Four fixed predictors, 1 covariate, multivariate LEAR",100,0.5,2,1.35071661181045,0.900005726757622,0.900014797433116,0.90090936194569,0.900798862417461,0.900006120630409
"189","Four fixed predictors, 1 covariate, multivariate LEAR",10,1,2,4.72205409445175,0.899999997332076,0.901013715772671,0.90975110682135,0.911263074390967,0.899762191239422
"190","Four fixed predictors, 1 covariate, multivariate LEAR",100,1,2,1.35000577642209,0.900005654493045,0.900014725172244,0.900909290051482,0.900422924397658,0.900006048367131
"191","Four fixed predictors, 1 covariate, multivariate LEAR",10,2,2,4.71202832411015,0.899997505023724,0.901011237819722,0.909748757543678,0.909842253362308,0.900045225276804
"192","Four fixed predictors, 1 covariate, multivariate LEAR",100,2,2,1.34714363499534,0.900005363291122,0.900014433985249,0.900909000342019,0.898899066299086,0.900005757172179
"193","Four fixed predictors, 3 covariates, multivariate LEAR",10,0.5,1,4.89522694663342,0.899999785456764,0.903192656829978,0.928216972181738,0.933306657392986,0.923502022762375
"194","Four fixed predictors, 3 covariates, multivariate LEAR",100,0.5,1,1.35359488080945,0.900006018618904,0.900033366962719,0.902709760178826,0.902310844258117,0.901647092346769
"195","Four fixed predictors, 3 covariates, multivariate LEAR",10,1,1,4.88601888097499,0.900002812548483,0.903195628513836,0.928219455952286,0.932249827769634,0.923000182670834
"196","Four fixed predictors, 3 covariates, multivariate LEAR",100,1,1,1.35104249821115,0.900005759856186,0.900033108239999,0.902709505412882,0.900970877982473,0.901057705938972
"197","Four fixed predictors, 3 covariates, multivariate LEAR",10,2,1,4.84819852247834,0.900000068847984,0.903192935034063,0.928217204708619,0.927776545549587,0.920613110475591
"198","Four fixed predictors, 3 covariates, multivariate LEAR",100,2,1,1.34058789954958,0.900004699566827,0.90003204811453,0.902708461500355,0.895347088328433,0.898561951792186
"199","Four fixed predictors, 3 covariates, multivariate LEAR",10,0.5,2,4.89675654335688,0.89999976454893,0.903192636304837,0.928216955026534,0.933481000817285,0.923585021615834
"200","Four fixed predictors, 3 covariates, multivariate LEAR",100,0.5,2,1.35401795504889,0.900006061380554,0.90003340971776,0.902709802279992,0.902531706461854,0.901746778212323
"201","Four fixed predictors, 3 covariates, multivariate LEAR",10,1,2,4.89216054998129,0.899999823272407,0.903192693953452,0.928217003210064,0.932956111163847,0.923335123717939
"202","Four fixed predictors, 3 covariates, multivariate LEAR",100,1,2,1.35274674775945,0.900005932770064,0.900033281127149,0.902709675655983,0.901867017331732,0.901453523938524
"203","Four fixed predictors, 3 covariates, multivariate LEAR",10,2,2,4.87356722021464,0.900001284293014,0.903194128231706,0.928218201998965,0.930800728827012,0.922309072876957
"204","Four fixed predictors, 3 covariates, multivariate LEAR",100,2,2,1.34760169939774,0.900005409881993,0.900032758319901,0.902709160844274,0.899144044105059,0.900249208718813
"205","Four fixed predictors, 6 covariates, multivariate LEAR",10,0.5,1,5.19131840263773,0.900001159344724,0.906900788879545,0.952653336884976,0.961070531364125,0.9539869175811
"206","Four fixed predictors, 6 covariates, multivariate LEAR",100,0.5,1,1.35808036967305,0.899994253205011,0.900049367807166,0.905380122005378,0.904634467442929,0.903981930137504
"207","Four fixed predictors, 6 covariates, multivariate LEAR",10,1,1,5.17253506729213,0.900000931090019,0.906900569792088,0.952653194202439,0.959640853327394,0.95286163862089
"208","Four fixed predictors, 6 covariates, multivariate LEAR",100,1,1,1.35318910803931,0.900005977543702,0.900061088493651,0.905391481741019,0.902098681506316,0.902184904724895
"209","Four fixed predictors, 6 covariates, multivariate LEAR",10,2,1,5.09388323017501,0.900000292387133,0.906899956740932,0.952652794947237,0.953194767807611,0.947817241423366
"210","Four fixed predictors, 6 covariates, multivariate LEAR",100,2,1,1.33261032504865,0.900003912982826,0.900059024575923,0.905389481386183,0.890908438652146,0.894198877489529
"211","Four fixed predictors, 6 covariates, multivariate LEAR",10,0.5,2,5.19441639533056,0.900001199955408,0.906900827859207,0.952653362270796,0.961302393797021,0.953982927530098
"212","Four fixed predictors, 6 covariates, multivariate LEAR",100,0.5,2,1.35889074516391,0.899994252902456,0.900049367504705,0.905380121712231,0.905050039205258,0.904276663853376
"213","Four fixed predictors, 6 covariates, multivariate LEAR",10,1,2,5.1850946794242,0.900001080299697,0.906900713009155,0.952653287473762,0.960601373495859,0.953617351299612
"214","Four fixed predictors, 6 covariates, multivariate LEAR",100,1,2,1.35645233106191,0.899994239643817,0.900049354250196,0.90538010886589,0.903795680259979,0.903386767133428
"215","Four fixed predictors, 6 covariates, multivariate LEAR",10,2,2,5.14695722057285,0.900000669194352,0.906900318414749,0.952653030490728,0.957627450628864,0.951087315848388
"216","Four fixed predictors, 6 covariates, multivariate LEAR",100,2,2,1.34649689472379,0.900005297477815,0.900060408639618,0.905390822824701,0.898552470780363,0.899661316010269
"217","Two fixed predictors, 1 covariate, multivariate CS@CS",10,0.5,1,6.86691432886744,0.900000147024169,0.901758527638316,0.916380485413172,0.919610084099758,0.898520115056379
"218","Two fixed predictors, 1 covariate, multivariate CS@CS",100,0.5,1,1.93339430237408,0.899997037669461,0.900012458172107,0.901528668787102,0.90155276478056,0.899984467098139
"219","Two fixed predictors, 1 covariate, multivariate CS@CS",10,1,1,6.86691432886744,0.900000147024169,0.901758527638316,0.916380485413172,0.919610084099758,0.898520115056379
"220","Two fixed predictors, 1 covariate, multivariate CS@CS",100,1,1,1.93339430237408,0.899997037669461,0.900012458172107,0.901528668787102,0.90155276478056,0.899984467098139
"221","Two fixed predictors, 1 covariate, multivariate CS@CS",10,2,1,6.86691432886744,0.900000147024169,0.901758527638316,0.916380485413172,0.919610084099758,0.898520115056379
"222","Two fixed predictors, 1 covariate, multivariate CS@CS",100,2,1,1.93339430237408,0.899997037669461,0.900012458172107,0.901528668787102,0.90155276478056,0.899984467098139
"223","Two fixed predictors, 1 covariate, multivariate CS@CS",10,0.5,2,6.86691432886744,0.900000147024169,0.901758527638316,0.916380485413172,0.919610084099758,0.898520115056379
"224","Two fixed predictors, 1 covariate, multivariate CS@CS",100,0.5,2,1.93339430237408,0.899997037669461,0.900012458172107,0.901528668787102,0.90155276478056,0.899984467098139
"225","Two fixed predictors, 1 covariate, multivariate CS@CS",10,1,2,6.86691432886744,0.90000014702417,0.901758527638316,0.916380485413172,0.919610084099758,0.898520115056379
"226","Two fixed predictors, 1 covariate, multivariate CS@CS",100,1,2,1.93339430237408,0.899997037669461,0.900012458172106,0.901528668787102,0.90155276478056,0.899984467098138
"227","Two fixed predictors, 1 covariate, multivariate CS@CS",10,2,2,6.86691432886744,0.900000147024169,0.901758527638316,0.916380485413172,0.919610084099758,0.898520115056379
"228","Two fixed predictors, 1 covariate, multivariate CS@CS",100,2,2,1.93339430237408,0.899997037669461,0.900012458172107,0.901528668787102,0.90155276478056,0.899984467098139
"229","Two fixed predictors, 3 covariates, multivariate CS@CS",10,0.5,1,7.41819629241455,0.900000283486438,0.905852033322281,0.946158208241766,0.954345177157328,0.938664538229008
"230","Two fixed predictors, 3 covariates, multivariate CS@CS",100,0.5,1,1.94344771408095,0.900000051220824,0.900046779863249,0.904577925015101,0.904648069211384,0.903107341165233
"231","Two fixed predictors, 3 covariates, multivariate CS@CS",10,1,1,7.41819629241455,0.900000283486438,0.905852033322281,0.946158208241766,0.954345177157328,0.938664538229008
"232","Two fixed predictors, 3 covariates, multivariate CS@CS",100,1,1,1.94344771408095,0.900000051220824,0.900046779863249,0.904577925015101,0.904648069211384,0.903107341165233
"233","Two fixed predictors, 3 covariates, multivariate CS@CS",10,2,1,7.41819629241455,0.900000283486438,0.905852033322281,0.946158208241766,0.954345177157328,0.938664538229008
"234","Two fixed predictors, 3 covariates, multivariate CS@CS",100,2,1,1.94344771408095,0.900000051220824,0.900046779863249,0.904577925015101,0.904648069211384,0.903107341165233
"235","Two fixed predictors, 3 covariates, multivariate CS@CS",10,0.5,2,7.41819629241455,0.900000283486438,0.905852033322281,0.946158208241766,0.954345177157328,0.938664538229008
"236","Two fixed predictors, 3 covariates, multivariate CS@CS",100,0.5,2,1.94344771408095,0.900000051220824,0.900046779863249,0.904577925015101,0.904648069211384,0.903107341165233
"237","Two fixed predictors, 3 covariates, multivariate CS@CS",10,1,2,7.41819629241455,0.900000283486439,0.905852033322281,0.946158208241766,0.954345177157328,0.938664538229008
"238","Two fixed predictors, 3 covariates, multivariate CS@CS",100,1,2,1.94344771408095,0.900000051220824,0.900046779863249,0.904577925015101,0.904648069211384,0.903107341165233
"239","Two fixed predictors, 3 covariates, multivariate CS@CS",10,2,2,7.41819629241455,0.900000283486438,0.905852033322281,0.946158208241766,0.954345177157328,0.938664538229008
"240","Two fixed predictors, 3 covariates, multivariate CS@CS",100,2,2,1.94344771408095,0.900000051220824,0.900046779863249,0.904577925015101,0.904648069211384,0.903107341165233
"241","Two fixed predictors, 6 covariates, multivariate CS@CS",10,0.5,1,8.56790974994416,0.899999294494131,0.913965105887126,0.979637143196339,0.988879314795732,0.982244691725819
"242","Two fixed predictors, 6 covariates, multivariate CS@CS",100,0.5,1,1.95881152701625,0.900000110776517,0.900095007809365,0.909102394232151,0.909240906279481,0.907742401512065
"243","Two fixed predictors, 6 covariates, multivariate CS@CS",10,1,1,8.56790974994416,0.899999294494131,0.913965105887126,0.979637143196339,0.988879314795732,0.982244691725819
"244","Two fixed predictors, 6 covariates, multivariate CS@CS",100,1,1,1.95881152701625,0.900000110776517,0.900095007809365,0.909102394232151,0.909240906279481,0.907742401512065
"245","Two fixed predictors, 6 covariates, multivariate CS@CS",10,2,1,8.56790974994416,0.899999294494131,0.913965105887126,0.979637143196339,0.988879314795732,0.982244691725819
"246","Two fixed predictors, 6 covariates, multivariate CS@CS",100,2,1,1.95881152701625,0.900000110776517,0.900095007809365,0.909102394232151,0.909240906279481,0.907742401512065
"247","Two fixed predictors, 6 covariates, multivariate CS@CS",10,0.5,2,8.56790974994416,0.899999294494131,0.913965105887126,0.979637143196339,0.988879314795732,0.982244691725819
"248","Two fixed predictors, 6 covariates, multivariate CS@CS",100,0.5,2,1.95881152701625,0.900000110776517,0.900095007809365,0.909102394232151,0.909240906279481,0.907742401512065
"249","Two fixed predictors, 6 covariates, multivariate CS@CS",10,1,2,8.56790974994416,0.899999294494131,0.913965105887126,0.979637143196339,0.988879314795732,0.982244691725819
"250","Two fixed predictors, 6 covariates, multivariate CS@CS",100,1,2,1.95881152701625,0.900000110776517,0.900095007809365,0.909102394232151,0.909240906279481,0.907742401512065
"251","Two fixed predictors, 6 covariates, multivariate CS@CS",10,2,2,8.56790974994416,0.899999294494131,0.913965105887126,0.979637143196339,0.988879314795732,0.982244691725819
"252","Two fixed predictors, 6 covariates, multivariate CS@CS",100,2,2,1.95881152701625,0.900000110776517,0.900095007809365,0.909102394232151,0.909240906279481,0.907742401512065
"253","Four fixed predictors, 1 covariate, multivariate CS@CS",10,0.5,1,6.31241621758129,0.900000317532835,0.90095417483086,0.909190662593383,0.910502688574391,0.900072190800994
"254","Four fixed predictors, 1 covariate, multivariate CS@CS",100,0.5,1,1.84671502845801,0.900000642026727,0.900009159369852,0.900849289114478,0.900860051465459,0.900001467893394
"255","Four fixed predictors, 1 covariate, multivariate CS@CS",10,1,1,6.31241621758129,0.900000317532835,0.90095417483086,0.909190662593383,0.910502688574391,0.900072190800994
"256","Four fixed predictors, 1 covariate, multivariate CS@CS",100,1,1,1.84671502845801,0.900000642026727,0.900009159369852,0.900849289114478,0.900860051465459,0.900001467893394
"257","Four fixed predictors, 1 covariate, multivariate CS@CS",10,2,1,6.31241621758129,0.900000317532835,0.90095417483086,0.909190662593383,0.910502688574391,0.900072190800994
"258","Four fixed predictors, 1 covariate, multivariate CS@CS",100,2,1,1.84671502845801,0.900000642026727,0.900009159369852,0.900849289114478,0.900860051465459,0.900001467893394
"259","Four fixed predictors, 1 covariate, multivariate CS@CS",10,0.5,2,6.31241621758129,0.900000317532835,0.90095417483086,0.909190662593383,0.910502688574391,0.900072190800994
"260","Four fixed predictors, 1 covariate, multivariate CS@CS",100,0.5,2,1.84671502845801,0.900000642026727,0.900009159369852,0.900849289114478,0.900860051465459,0.900001467893394
"261","Four fixed predictors, 1 covariate, multivariate CS@CS",10,1,2,6.31241621758129,0.900000317532835,0.90095417483086,0.909190662593383,0.910502688574391,0.900072190800994
"262","Four fixed predictors, 1 covariate, multivariate CS@CS",100,1,2,1.84671502845801,0.900000642026727,0.900009159369852,0.900849289114478,0.900860051465459,0.900001467893394
"263","Four fixed predictors, 1 covariate, multivariate CS@CS",10,2,2,6.31241621758129,0.900000317532835,0.90095417483086,0.909190662593383,0.910502688574391,0.900072190800994
"264","Four fixed predictors, 1 covariate, multivariate CS@CS",100,2,2,1.84671502845801,0.900000642026727,0.900009159369852,0.900849289114478,0.900860051465459,0.900001467893394
"265","Four fixed predictors, 3 covariates, multivariate CS@CS",10,0.5,1,6.5304887135588,0.900000113598081,0.903006484891289,0.926714351553405,0.930362587400954,0.92126914151
"266","Four fixed predictors, 3 covariates, multivariate CS@CS",100,0.5,1,1.8514656838864,0.900000925127061,0.900026605245732,0.902540971773309,0.902572007039835,0.90172178458679
"267","Four fixed predictors, 3 covariates, multivariate CS@CS",10,1,1,6.5304887135588,0.900000113598081,0.903006484891289,0.926714351553405,0.930362587400954,0.92126914151
"268","Four fixed predictors, 3 covariates, multivariate CS@CS",100,1,1,1.8514656838864,0.900000925127061,0.900026605245732,0.902540971773309,0.902572007039835,0.90172178458679
"269","Four fixed predictors, 3 covariates, multivariate CS@CS",10,2,1,6.5304887135588,0.90000011359808,0.903006484891289,0.926714351553405,0.930362587400954,0.92126914151
"270","Four fixed predictors, 3 covariates, multivariate CS@CS",100,2,1,1.8514656838864,0.900000925127061,0.900026605245732,0.90254097177331,0.902572007039835,0.90172178458679
"271","Four fixed predictors, 3 covariates, multivariate CS@CS",10,0.5,2,6.5304887135588,0.900000113598081,0.903006484891289,0.926714351553405,0.930362587400954,0.92126914151
"272","Four fixed predictors, 3 covariates, multivariate CS@CS",100,0.5,2,1.8514656838864,0.900000925127061,0.900026605245732,0.902540971773309,0.902572007039835,0.90172178458679
"273","Four fixed predictors, 3 covariates, multivariate CS@CS",10,1,2,6.5304887135588,0.90000011359808,0.903006484891289,0.926714351553405,0.930362587400954,0.92126914151
"274","Four fixed predictors, 3 covariates, multivariate CS@CS",100,1,2,1.8514656838864,0.900000925127061,0.900026605245732,0.902540971773309,0.902572007039835,0.90172178458679
"275","Four fixed predictors, 3 covariates, multivariate CS@CS",10,2,2,6.5304887135588,0.900000113598081,0.903006484891289,0.926714351553405,0.930362587400954,0.92126914151
"276","Four fixed predictors, 3 covariates, multivariate CS@CS",100,2,2,1.8514656838864,0.900000925127061,0.900026605245732,0.902540971773309,0.902572007039835,0.90172178458679
"277","Four fixed predictors, 6 covariates, multivariate CS@CS",10,0.5,1,6.9043906145903,0.900000040072716,0.906504867759275,0.950265686978546,0.956405299162563,0.949531038373901
"278","Four fixed predictors, 6 covariates, multivariate CS@CS",100,0.5,1,1.85866145223385,0.900001550367758,0.900053299667489,0.905063528517063,0.905124083594865,0.904286536829127
"279","Four fixed predictors, 6 covariates, multivariate CS@CS",10,1,1,6.9043906145903,0.900000040072716,0.906504867759275,0.950265686978546,0.956405299162563,0.949531038373901
"280","Four fixed predictors, 6 covariates, multivariate CS@CS",100,1,1,1.85866145223385,0.900001550367758,0.900053299667489,0.905063528517063,0.905124083594865,0.904286536829127
"281","Four fixed predictors, 6 covariates, multivariate CS@CS",10,2,1,6.9043906145903,0.900000040072716,0.906504867759275,0.950265686978546,0.956405299162563,0.949531038373901
"282","Four fixed predictors, 6 covariates, multivariate CS@CS",100,2,1,1.85866145223385,0.900001550367758,0.900053299667489,0.905063528517063,0.905124083594865,0.904286536829127
"283","Four fixed predictors, 6 covariates, multivariate CS@CS",10,0.5,2,6.9043906145903,0.900000040072716,0.906504867759275,0.950265686978546,0.956405299162563,0.949531038373901
"284","Four fixed predictors, 6 covariates, multivariate CS@CS",100,0.5,2,1.85866145223385,0.900001550367758,0.900053299667489,0.905063528517063,0.905124083594865,0.904286536829127
"285","Four fixed predictors, 6 covariates, multivariate CS@CS",10,1,2,6.9043906145903,0.900000040072716,0.906504867759275,0.950265686978546,0.956405299162563,0.949346388567884
"286","Four fixed predictors, 6 covariates, multivariate CS@CS",100,1,2,1.85866145223385,0.900001550367758,0.900053299667489,0.905063528517063,0.905124083594865,0.904286536829127
"287","Four fixed predictors, 6 covariates, multivariate CS@CS",10,2,2,6.9043906145903,0.900000040072716,0.906504867759275,0.950265686978546,0.956405299162563,0.949531038373901
"288","Four fixed predictors, 6 covariates, multivariate CS@CS",100,2,2,1.85866145223385,0.900001550367758,0.900053299667489,0.905063528517063,0.905124083594865,0.904286536829127
